"Date","Price","Open","High","Low","Vol.","Change %"
"08/26/2025","9.325","9.540","9.595","9.285","2.58M","-2.15%"
"08/25/2025","9.530","9.200","9.690","9.200","11.21M","2.58%"
"08/22/2025","9.290","8.540","9.320","8.540","11.15M","9.42%"
"08/21/2025","8.490","8.200","8.540","8.122","7.56M","2.54%"
"08/20/2025","8.280","8.380","8.410","8.163","6.22M","-1.08%"
"08/19/2025","8.370","8.770","8.880","8.340","7.72M","-4.34%"
"08/18/2025","8.750","8.770","8.930","8.690","7.60M","-0.34%"
"08/15/2025","8.780","8.850","8.970","8.725","6.60M","0.23%"
"08/14/2025","8.760","8.610","8.840","8.570","5.10M","-0.90%"
"08/13/2025","8.840","8.530","8.875","8.500","10.67M","4.37%"
"08/12/2025","8.470","8.320","8.480","8.255","7.11M","2.29%"
"08/11/2025","8.280","8.190","8.440","8.180","6.70M","1.60%"
"08/08/2025","8.150","8.280","8.280","8.045","5.03M","-0.73%"
"08/07/2025","8.210","8.280","8.320","8.070","6.19M","-0.36%"
"08/06/2025","8.240","8.210","8.360","8.180","6.66M","-0.12%"
"08/05/2025","8.250","8.230","8.320","8.080","10.10M","0.12%"
"08/04/2025","8.240","7.820","8.330","7.785","9.46M","5.37%"
"08/01/2025","7.820","7.670","8.050","7.585","14.82M","-1.51%"
"07/31/2025","7.940","7.160","7.980","6.930","18.97M","9.82%"
"07/30/2025","7.230","7.400","7.485","7.230","9.42M","-1.90%"
"07/29/2025","7.370","7.370","7.510","7.270","8.24M","0.27%"
"07/28/2025","7.350","7.240","7.360","7.175","4.63M","1.80%"
"07/25/2025","7.220","7.140","7.230","7.010","5.14M","1.26%"
"07/24/2025","7.130","7.175","7.305","7.130","7.12M","-1.66%"
"07/23/2025","7.250","7.300","7.337","7.205","5.38M","-0.68%"
"07/22/2025","7.300","7.020","7.390","6.970","9.15M","5.04%"
"07/21/2025","6.950","6.780","7.020","6.780","8.19M","4.04%"
"07/18/2025","6.680","6.630","6.775","6.580","5.35M","1.67%"
"07/17/2025","6.570","6.580","6.750","6.510","5.10M","-0.15%"
"07/16/2025","6.580","6.560","6.620","6.485","4.68M","1.54%"
"07/15/2025","6.480","6.640","6.706","6.460","4.85M","-2.85%"
"07/14/2025","6.670","6.490","6.700","6.490","6.06M","2.14%"
"07/11/2025","6.530","6.690","6.710","6.470","6.63M","-3.40%"
"07/10/2025","6.760","6.530","6.770","6.520","7.50M","2.42%"
"07/09/2025","6.600","6.330","6.640","6.220","8.87M","4.93%"
"07/08/2025","6.290","6.190","6.310","6.150","7.70M","2.28%"
"07/07/2025","6.150","6.310","6.320","6.120","6.96M","-4.21%"
"07/03/2025","6.420","6.360","6.475","6.360","2.13M","1.42%"
"07/02/2025","6.330","6.280","6.365","6.220","8.78M","-0.16%"
"07/01/2025","6.340","6.240","6.430","6.090","8.71M","0.96%"
"06/30/2025","6.280","6.570","6.580","6.220","6.95M","-2.03%"
"06/27/2025","6.410","6.330","6.420","6.270","21.09M","1.58%"
"06/26/2025","6.310","6.320","6.374","6.120","6.05M","0.48%"
"06/25/2025","6.280","6.400","6.470","6.270","7.29M","-2.48%"
"06/24/2025","6.440","6.300","6.470","6.210","5.53M","3.04%"
"06/23/2025","6.250","6.060","6.280","5.980","6.32M","2.12%"
"06/20/2025","6.120","5.960","6.220","5.930","15.42M","3.55%"
"06/18/2025","5.910","5.990","6.070","5.870","8.20M","-1.01%"
"06/17/2025","5.970","6.260","6.279","5.900","7.71M","-4.78%"
"06/16/2025","6.270","6.330","6.450","6.225","4.26M","0.64%"
"06/13/2025","6.230","6.280","6.430","6.190","4.57M","-2.81%"
"06/12/2025","6.410","6.490","6.520","6.315","7.40M","-1.54%"
"06/11/2025","6.510","6.400","6.580","6.380","6.71M","2.68%"
"06/10/2025","6.340","6.190","6.395","6.175","6.72M","2.92%"
"06/09/2025","6.160","6.330","6.370","6.110","5.67M","-2.07%"
"06/06/2025","6.290","6.180","6.340","6.065","6.95M","2.11%"
"06/05/2025","6.160","6.180","6.450","6.113","7.02M","-0.32%"
"06/04/2025","6.180","6.060","6.240","6.060","4.90M","1.98%"
"06/03/2025","6.060","5.860","6.070","5.695","7.21M","3.77%"
"06/02/2025","5.840","5.850","5.930","5.785","4.51M","-1.18%"
"05/30/2025","5.910","5.850","5.990","5.770","8.56M","1.03%"
"05/29/2025","5.850","5.900","6.040","5.805","6.67M","0.52%"
"05/28/2025","5.820","5.950","5.952","5.800","4.14M","-2.68%"
"05/27/2025","5.980","6.080","6.090","5.800","9.95M","0.17%"
"05/23/2025","5.970","5.730","6.000","5.730","6.04M","1.88%"
"05/22/2025","5.860","5.780","5.930","5.655","6.82M","1.03%"
"05/21/2025","5.800","5.990","6.040","5.700","7.02M","-4.61%"
"05/20/2025","6.080","6.210","6.220","6.050","4.59M","-2.41%"
"05/19/2025","6.230","6.120","6.230","6.070","5.79M","-0.95%"
"05/16/2025","6.290","6.070","6.365","6.070","7.23M","2.95%"
"05/15/2025","6.110","6.370","6.380","5.990","7.30M","-3.63%"
"05/14/2025","6.340","6.410","6.505","6.260","6.97M","-1.86%"
"05/13/2025","6.460","6.470","6.570","6.220","9.40M","-0.15%"
"05/12/2025","6.470","6.540","6.545","6.200","10.47M","3.52%"
"05/09/2025","6.250","6.700","7.170","6.240","30.81M","-19.15%"
"05/08/2025","7.730","7.700","7.840","7.490","15.64M","1.05%"
"05/07/2025","7.650","7.800","7.810","7.630","6.17M","-1.16%"
"05/06/2025","7.740","7.770","7.845","7.680","6.02M","-2.15%"
"05/05/2025","7.910","7.840","8.010","7.773","6.72M","-0.50%"
"05/02/2025","7.950","7.920","8.145","7.875","6.93M","1.53%"
"05/01/2025","7.830","7.810","8.035","7.690","5.98M","1.42%"
"04/30/2025","7.720","7.430","7.730","7.345","6.58M","1.18%"
"04/29/2025","7.630","7.290","7.655","7.260","6.50M","3.39%"
"04/28/2025","7.380","7.250","7.425","7.020","7.77M","0.14%"
"04/25/2025","7.370","7.320","7.470","7.280","4.62M","0.14%"
"04/24/2025","7.360","7.310","7.450","7.220","5.73M","1.80%"
"04/23/2025","7.230","7.250","7.505","7.150","8.67M","4.03%"
"04/22/2025","6.950","7.020","7.080","6.855","7.32M","1.31%"
"04/21/2025","6.860","7.210","7.250","6.790","7.55M","-5.90%"
"04/17/2025","7.290","7.640","7.690","7.270","7.62M","-3.95%"
"04/16/2025","7.590","7.740","7.799","7.500","4.58M","-3.44%"
"04/15/2025","7.860","7.650","7.910","7.550","6.51M","3.29%"
"04/14/2025","7.610","7.800","7.810","7.400","5.46M","1.33%"
"04/11/2025","7.510","7.460","7.550","7.035","7.16M","0.40%"
"04/10/2025","7.480","7.835","7.917","7.390","6.51M","-6.97%"
"04/09/2025","8.040","7.370","8.150","7.085","14.88M","5.65%"
"04/08/2025","7.610","8.370","8.405","7.435","8.73M","-5.93%"
"04/07/2025","8.090","7.800","8.810","7.770","10.94M","-2.29%"
"04/04/2025","8.280","8.130","8.390","7.815","9.03M","-1.78%"
"04/03/2025","8.430","8.630","8.750","8.385","8.67M","-6.12%"
"04/02/2025","8.980","8.610","9.080","8.610","6.86M","2.98%"
"04/01/2025","8.720","8.690","8.995","8.570","7.21M","-0.11%"
"03/31/2025","8.730","8.940","8.955","8.509","7.91M","-4.38%"
"03/28/2025","9.130","9.290","9.380","9.000","6.82M","-2.25%"
"03/27/2025","9.340","9.300","9.610","9.210","7.17M","-0.53%"
"03/26/2025","9.390","9.450","9.540","9.170","5.77M","-0.42%"
"03/25/2025","9.430","9.400","9.690","9.270","6.98M","-1.87%"
"03/24/2025","9.610","9.500","9.710","9.310","6.28M","2.34%"
"03/21/2025","9.390","9.010","9.430","8.950","9.16M","3.30%"
"03/20/2025","9.090","8.760","9.340","8.700","5.26M","2.36%"
"03/19/2025","8.880","8.780","9.000","8.640","6.43M","0.68%"
"03/18/2025","8.820","8.890","8.910","8.560","5.33M","-2.00%"
"03/17/2025","9.000","8.760","9.140","8.710","6.22M","2.74%"
"03/14/2025","8.760","8.770","9.040","8.640","6.50M","0.34%"
"03/13/2025","8.730","8.740","9.050","8.460","7.41M","-0.80%"
"03/12/2025","8.800","8.800","8.915","8.575","6.04M","3.04%"
"03/11/2025","8.540","8.540","8.775","8.320","7.80M","-0.35%"
"03/10/2025","8.570","8.420","8.780","8.290","5.72M","1.06%"
"03/07/2025","8.480","8.760","8.800","8.120","5.35M","-2.53%"
"03/06/2025","8.700","8.940","9.365","8.690","5.30M","-5.02%"
"03/05/2025","9.160","9.090","9.170","8.930","5.17M","0.77%"
"03/04/2025","9.090","8.570","9.230","8.420","6.66M","4.60%"
"03/03/2025","8.690","9.000","9.160","8.610","6.79M","-3.34%"
"02/28/2025","8.990","8.930","9.055","8.770","6.11M","-0.22%"
"02/27/2025","9.010","9.565","9.740","8.980","9.02M","-4.66%"
"02/26/2025","9.450","9.290","9.790","9.260","6.82M","2.16%"
"02/25/2025","9.250","9.140","9.370","9.030","4.88M","1.65%"
"02/24/2025","9.100","9.030","9.300","8.725","8.77M","1.34%"
"02/21/2025","8.980","9.960","9.970","8.880","9.98M","-8.18%"
"02/20/2025","9.780","9.890","10.120","9.500","12.03M","-4.49%"
"02/19/2025","10.240","8.530","10.250","8.080","29.37M","28.32%"
"02/18/2025","7.980","7.990","7.995","7.760","9.34M","0.63%"
"02/14/2025","7.930","7.750","7.930","7.610","6.80M","4.62%"
"02/13/2025","7.580","7.530","7.600","7.440","6.05M","1.07%"
"02/12/2025","7.500","7.250","7.520","7.160","3.77M","0.81%"
"02/11/2025","7.440","7.820","7.950","7.370","8.78M","0.81%"
"02/10/2025","7.380","7.570","7.580","7.370","3.97M","-1.07%"
"02/07/2025","7.460","7.560","7.660","7.365","3.84M","-1.97%"
"02/06/2025","7.610","7.520","7.670","7.455","3.80M","1.33%"
"02/05/2025","7.510","7.310","7.600","7.300","4.87M","3.73%"
"02/04/2025","7.240","7.170","7.340","7.065","6.30M","1.26%"
"02/03/2025","7.150","6.990","7.200","6.960","5.44M","-1.38%"
"01/31/2025","7.250","7.510","7.590","7.155","4.99M","-3.72%"
"01/30/2025","7.530","7.360","7.690","7.360","5.99M","3.58%"
"01/29/2025","7.270","7.420","7.480","7.100","4.08M","-2.02%"
"01/28/2025","7.420","7.000","7.490","6.980","5.74M","5.70%"
"01/27/2025","7.020","6.890","7.200","6.870","5.54M","0.43%"
"01/24/2025","6.990","6.950","7.070","6.900","5.19M","1.16%"
"01/23/2025","6.910","6.830","6.930","6.740","4.19M","0.29%"
"01/22/2025","6.890","6.730","6.955","6.660","4.74M","2.07%"
"01/21/2025","6.750","6.850","6.900","6.684","4.76M","-0.15%"
"01/17/2025","6.760","6.840","6.920","6.710","6.02M","0.45%"
"01/16/2025","6.730","6.600","6.840","6.482","6.16M","1.05%"
"01/15/2025","6.660","6.370","6.845","6.000","13.89M","19.35%"
"01/14/2025","5.580","5.470","5.719","5.420","5.43M","3.72%"
"01/13/2025","5.380","5.240","5.380","5.100","4.71M","0.56%"
"01/10/2025","5.350","5.450","5.450","5.295","6.03M","-4.29%"
"01/08/2025","5.590","5.590","5.635","5.475","4.51M","0.00%"
"01/07/2025","5.590","5.870","5.910","5.560","5.22M","-4.12%"
"01/06/2025","5.830","5.900","5.940","5.820","4.55M","-0.85%"
"01/03/2025","5.880","5.800","5.880","5.720","3.61M","1.38%"
"01/02/2025","5.800","5.900","5.925","5.730","3.62M","-0.85%"
"12/31/2024","5.850","5.850","5.960","5.740","4.53M","1.04%"
"12/30/2024","5.790","5.780","5.850","5.685","3.37M","-1.03%"
"12/27/2024","5.850","5.960","5.990","5.810","2.74M","-2.50%"
"12/26/2024","6.000","5.930","6.040","5.920","2.26M","0.00%"
"12/24/2024","6.000","6.000","6.030","5.933","1.45M","-0.50%"
"12/23/2024","6.030","6.180","6.234","5.920","4.48M","-3.21%"
"12/20/2024","6.230","5.900","6.270","5.900","11.78M","4.18%"
"12/19/2024","5.980","6.070","6.150","5.920","5.16M","-0.33%"
"12/18/2024","6.000","6.510","6.570","5.990","6.54M","-10.45%"
"12/17/2024","6.700","6.770","6.810","6.600","3.01M","-2.05%"
"12/16/2024","6.840","6.780","6.875","6.700","2.63M","1.03%"
"12/13/2024","6.770","6.880","6.980","6.725","3.16M","-1.88%"
"12/12/2024","6.900","7.040","7.160","6.880","3.22M","-2.68%"
"12/11/2024","7.090","7.020","7.160","6.930","3.08M","2.60%"
"12/10/2024","6.910","6.850","6.940","6.700","2.97M","-0.58%"
"12/09/2024","6.950","7.090","7.120","6.900","2.86M","-1.56%"
"12/06/2024","7.060","7.070","7.280","7.010","4.46M","1.00%"
"12/05/2024","6.990","7.030","7.130","6.860","2.46M","-1.83%"
"12/04/2024","7.120","7.300","7.450","7.100","3.49M","-2.86%"
"12/03/2024","7.330","7.350","7.690","7.170","4.56M","2.66%"
"12/02/2024","7.140","7.090","7.140","6.940","3.92M","0.71%"
"11/29/2024","7.090","7.250","7.320","7.050","1.86M","-1.53%"
"11/27/2024","7.200","7.250","7.360","7.050","2.72M","0.42%"
"11/26/2024","7.170","6.930","7.250","6.824","3.72M","1.41%"
"11/25/2024","7.070","7.000","7.140","6.904","7.43M","3.51%"
"11/22/2024","6.830","6.790","6.940","6.620","5.19M","1.49%"
"11/21/2024","6.730","6.440","6.800","6.320","3.61M","4.50%"
"11/20/2024","6.440","6.260","6.450","6.150","3.37M","2.22%"
"11/19/2024","6.300","6.130","6.300","6.070","3.46M","1.78%"
"11/18/2024","6.190","6.320","6.320","6.090","2.88M","-2.06%"
"11/15/2024","6.320","6.600","6.600","6.310","2.81M","-4.24%"
"11/14/2024","6.600","6.720","6.980","6.560","4.96M","-1.49%"
"11/13/2024","6.700","6.800","6.870","6.580","3.49M","0.00%"
"11/12/2024","6.700","6.760","6.780","6.620","3.26M","-1.47%"
"11/11/2024","6.800","6.750","6.930","6.590","4.16M","1.49%"
"11/08/2024","6.700","6.810","6.845","6.620","3.16M","-2.90%"
"11/07/2024","6.900","6.550","6.945","6.510","5.97M","6.81%"
"11/06/2024","6.460","7.010","7.010","6.210","8.40M","-5.97%"
"11/05/2024","6.870","6.660","6.920","6.650","4.55M","3.15%"
"11/04/2024","6.660","6.410","6.915","6.405","6.90M","3.90%"
"11/01/2024","6.410","6.430","6.650","6.230","9.33M","0.94%"
"10/31/2024","6.350","5.950","6.410","5.680","8.04M","14.21%"
"10/30/2024","5.560","5.390","5.600","5.390","5.84M","2.96%"
"10/29/2024","5.400","5.560","5.580","5.370","6.42M","-4.42%"
"10/28/2024","5.650","5.680","5.820","5.585","3.26M","0.18%"
"10/25/2024","5.640","5.710","5.760","5.610","3.39M","-0.35%"
"10/24/2024","5.660","5.640","5.780","5.500","3.44M","1.62%"
"10/23/2024","5.570","5.650","5.720","5.350","4.47M","-2.28%"
"10/22/2024","5.700","5.630","5.825","5.620","2.38M","1.06%"
"10/21/2024","5.640","5.770","5.865","5.565","2.62M","-2.59%"
"10/18/2024","5.790","5.800","5.870","5.710","2.00M","1.22%"
"10/17/2024","5.720","5.860","5.860","5.675","3.00M","-2.89%"
"10/16/2024","5.890","6.070","6.090","5.840","2.66M","-1.67%"
"10/15/2024","5.990","5.980","6.126","5.960","3.01M","0.84%"
"10/14/2024","5.940","5.900","5.990","5.840","2.05M","0.51%"
"10/11/2024","5.910","5.620","5.910","5.620","2.81M","5.16%"
"10/10/2024","5.620","5.500","5.650","5.485","3.42M","-0.35%"
"10/09/2024","5.640","5.800","5.905","5.614","2.72M","-1.74%"
"10/08/2024","5.740","5.710","5.866","5.690","3.47M","1.23%"
"10/07/2024","5.670","5.950","5.950","5.578","3.12M","-6.59%"
"10/04/2024","6.070","6.170","6.170","5.900","3.90M","-0.33%"
"10/03/2024","6.090","6.090","6.238","5.925","2.81M","-2.40%"
"10/02/2024","6.240","6.160","6.390","6.105","4.16M","0.00%"
"10/01/2024","6.240","6.110","6.300","6.010","3.82M","2.13%"
"09/30/2024","6.110","6.210","6.360","6.040","3.92M","-2.55%"
"09/27/2024","6.270","6.210","6.350","6.175","3.97M","0.97%"
"09/26/2024","6.210","6.250","6.305","6.115","5.07M","1.14%"
"09/25/2024","6.140","6.500","6.570","6.115","4.57M","-6.83%"
"09/24/2024","6.590","6.270","6.620","6.235","6.56M","6.29%"
"09/23/2024","6.200","6.200","6.270","6.070","4.33M","0.16%"
"09/20/2024","6.190","6.250","6.340","6.155","12.69M","-1.75%"
"09/19/2024","6.300","6.510","6.580","6.280","5.53M","-1.41%"
"09/18/2024","6.390","6.520","6.780","6.380","6.50M","-2.29%"
"09/17/2024","6.540","6.450","6.625","6.405","5.91M","2.03%"
"09/16/2024","6.410","6.310","6.620","6.245","7.30M","0.47%"
"09/13/2024","6.380","6.050","6.425","6.000","9.09M","7.05%"
"09/12/2024","5.960","6.000","6.050","5.850","6.27M","-0.50%"
"09/11/2024","5.990","5.780","5.990","5.631","4.65M","0.50%"
"09/10/2024","5.960","5.960","5.990","5.700","5.71M","1.02%"
"09/09/2024","5.900","5.240","5.990","5.200","10.37M","14.34%"
"09/06/2024","5.160","5.280","5.310","5.070","3.71M","-2.27%"
"09/05/2024","5.280","5.160","5.340","5.095","7.12M","3.13%"
"09/04/2024","5.120","5.120","5.375","5.040","3.64M","-0.39%"
"09/03/2024","5.140","5.110","5.300","5.090","4.65M","0.19%"
"08/30/2024","5.130","5.270","5.390","5.090","4.08M","-0.77%"
"08/29/2024","5.170","5.480","5.510","5.160","3.61M","-4.96%"
"08/28/2024","5.440","5.510","5.550","5.245","5.92M","-1.81%"
"08/27/2024","5.540","5.590","5.690","5.460","7.76M","-3.15%"
"08/26/2024","5.720","5.250","5.920","5.150","16.14M","11.50%"
"08/23/2024","5.130","4.750","5.220","4.715","9.96M","9.38%"
"08/22/2024","4.690","4.740","4.835","4.680","2.70M","-1.05%"
"08/21/2024","4.740","4.830","4.850","4.730","2.82M","-0.63%"
"08/20/2024","4.770","4.880","4.910","4.750","3.02M","-2.45%"
"08/19/2024","4.890","4.800","4.915","4.760","5.73M","4.04%"
"08/16/2024","4.700","4.710","4.860","4.635","5.13M","-0.21%"
"08/15/2024","4.710","4.570","4.750","4.530","4.23M","4.43%"
"08/14/2024","4.510","4.400","4.590","4.215","4.68M","3.68%"
"08/13/2024","4.350","4.180","4.380","4.090","6.05M","4.82%"
"08/12/2024","4.150","4.280","4.320","4.130","3.22M","-2.58%"
"08/09/2024","4.260","4.350","4.408","4.225","3.38M","-1.84%"
"08/08/2024","4.340","4.260","4.370","4.180","2.48M","4.33%"
"08/07/2024","4.160","4.380","4.400","4.140","3.90M","-3.26%"
"08/06/2024","4.300","4.220","4.430","4.200","3.63M","0.94%"
"08/05/2024","4.260","3.890","4.295","3.850","5.40M","-0.47%"
"08/02/2024","4.280","4.040","4.335","3.840","6.67M","0.47%"
"08/01/2024","4.260","4.710","4.750","4.070","9.25M","-2.96%"
"07/31/2024","4.390","4.460","4.664","4.330","8.38M","-1.57%"
"07/30/2024","4.460","4.480","4.520","4.375","3.51M","-0.22%"
"07/29/2024","4.470","4.440","4.550","4.411","4.06M","0.68%"
"07/26/2024","4.440","4.430","4.480","4.285","3.54M","2.78%"
"07/25/2024","4.320","4.320","4.485","4.250","3.96M","-0.23%"
"07/24/2024","4.330","4.460","4.530","4.290","2.53M","-4.84%"
"07/23/2024","4.550","4.440","4.685","4.410","3.18M","1.79%"
"07/22/2024","4.470","4.550","4.560","4.400","2.45M","0.22%"
"07/19/2024","4.460","4.440","4.500","4.300","2.90M","0.00%"
"07/18/2024","4.460","4.570","4.755","4.420","4.50M","-3.67%"
"07/17/2024","4.630","4.600","4.885","4.540","6.06M","-2.53%"
"07/16/2024","4.750","4.430","4.780","4.405","7.25M","9.20%"
"07/15/2024","4.350","4.140","4.450","4.120","7.71M","5.84%"
"07/12/2024","4.110","4.060","4.180","3.990","5.52M","3.53%"
"07/11/2024","3.970","3.830","3.990","3.770","5.64M","8.77%"
"07/10/2024","3.650","3.680","3.690","3.480","3.02M","0.27%"
"07/09/2024","3.640","3.600","3.640","3.470","2.60M","0.28%"
"07/08/2024","3.630","3.640","3.680","3.550","2.38M","0.83%"
"07/05/2024","3.600","3.500","3.600","3.470","1.90M","2.56%"
"07/03/2024","3.510","3.550","3.630","3.510","2.12M","-0.57%"
"07/02/2024","3.530","3.390","3.530","3.370","3.20M","5.06%"
"07/01/2024","3.360","3.600","3.635","3.340","3.22M","-6.67%"
"06/28/2024","3.600","3.740","3.755","3.560","17.01M","-2.44%"
"06/27/2024","3.690","3.620","3.770","3.560","3.47M","2.79%"
"06/26/2024","3.590","3.500","3.590","3.465","3.00M","1.41%"
"06/25/2024","3.540","3.580","3.630","3.500","4.65M","1.72%"
"06/24/2024","3.480","3.520","3.620","3.370","4.41M","-1.97%"
"06/21/2024","3.550","3.480","3.557","3.450","5.74M","1.72%"
"06/20/2024","3.490","3.600","3.650","3.460","3.40M","-2.79%"
"06/18/2024","3.590","3.570","3.660","3.560","2.80M","0.56%"
"06/17/2024","3.570","3.610","3.660","3.520","2.15M","-1.92%"
"06/14/2024","3.640","3.590","3.670","3.560","2.42M","-0.55%"
"06/13/2024","3.660","3.910","3.980","3.640","4.20M","-7.11%"
"06/12/2024","3.940","3.860","4.120","3.830","5.22M","8.24%"
"06/11/2024","3.640","3.500","3.670","3.490","2.27M","3.12%"
"06/10/2024","3.530","3.520","3.580","3.485","2.82M","-1.94%"
"06/07/2024","3.600","3.650","3.690","3.570","2.19M","-3.49%"
"06/06/2024","3.730","3.660","3.770","3.600","2.17M","0.54%"
"06/05/2024","3.710","3.690","3.780","3.595","3.63M","2.20%"
"06/04/2024","3.630","3.650","3.680","3.581","3.18M","-2.16%"
"06/03/2024","3.710","3.810","3.860","3.610","2.35M","-1.07%"
"05/31/2024","3.750","3.810","3.860","3.720","2.87M","-0.79%"
"05/30/2024","3.780","3.810","3.850","3.750","2.70M","-0.26%"
"05/29/2024","3.790","3.890","3.910","3.770","3.08M","-4.77%"
"05/28/2024","3.980","4.080","4.158","3.960","3.02M","-2.45%"
"05/24/2024","4.080","4.040","4.160","3.920","2.52M","0.99%"
"05/23/2024","4.040","4.220","4.280","3.950","4.41M","-3.81%"
"05/22/2024","4.200","4.270","4.300","4.160","2.88M","-2.33%"
"05/21/2024","4.300","4.280","4.370","4.250","2.96M","-0.69%"
"05/20/2024","4.330","4.300","4.540","4.300","5.21M","0.70%"
"05/17/2024","4.300","4.330","4.350","4.190","3.60M","-1.15%"
"05/16/2024","4.350","4.380","4.490","4.330","3.33M","-1.36%"
"05/15/2024","4.410","4.500","4.680","4.380","7.60M","2.08%"
"05/14/2024","4.320","4.210","4.420","4.190","6.33M","4.85%"
"05/13/2024","4.120","3.970","4.380","3.970","6.81M","5.64%"
"05/10/2024","3.900","4.010","4.060","3.795","6.60M","-3.94%"
"05/09/2024","4.060","3.660","4.070","3.660","9.82M","23.78%"
"05/08/2024","3.280","3.280","3.310","3.210","3.05M","-3.53%"
"05/07/2024","3.400","3.340","3.430","3.320","2.13M","1.19%"
"05/06/2024","3.360","3.420","3.420","3.210","3.15M","-0.30%"
"05/03/2024","3.370","3.300","3.475","3.280","5.23M","6.31%"
"05/02/2024","3.170","3.190","3.200","3.025","2.99M","1.28%"
"05/01/2024","3.130","3.170","3.290","3.045","3.09M","-0.63%"
"04/30/2024","3.150","3.200","3.240","3.130","2.19M","-3.67%"
"04/29/2024","3.270","3.330","3.420","3.235","1.76M","-0.91%"
"04/26/2024","3.300","3.250","3.369","3.240","2.03M","2.48%"
"04/25/2024","3.220","3.230","3.295","3.190","1.92M","-3.30%"
"04/24/2024","3.330","3.390","3.480","3.300","1.41M","-2.35%"
"04/23/2024","3.410","3.340","3.550","3.325","2.58M","2.71%"
"04/22/2024","3.320","3.290","3.350","3.220","2.57M","2.47%"
"04/19/2024","3.240","3.240","3.350","3.200","2.36M","-0.61%"
"04/18/2024","3.260","3.360","3.460","3.250","4.26M","-2.40%"
"04/17/2024","3.340","3.460","3.540","3.340","2.90M","-3.19%"
"04/16/2024","3.450","3.260","3.460","3.230","3.58M","5.18%"
"04/15/2024","3.280","3.620","3.640","3.180","4.02M","-9.14%"
"04/12/2024","3.610","3.650","3.710","3.530","4.87M","-1.90%"
"04/11/2024","3.680","3.620","3.690","3.520","5.09M","2.22%"
"04/10/2024","3.600","3.660","3.730","3.550","5.87M","-6.74%"
"04/09/2024","3.860","3.950","3.980","3.750","3.28M","-1.03%"
"04/08/2024","3.900","3.880","3.970","3.730","3.34M","2.36%"
"04/05/2024","3.810","3.760","3.850","3.690","3.05M","0.53%"
"04/04/2024","3.790","3.720","3.960","3.700","4.92M","3.55%"
"04/03/2024","3.660","3.520","3.660","3.450","3.15M","2.81%"
"04/02/2024","3.560","3.520","3.575","3.470","5.69M","-2.20%"
"04/01/2024","3.640","3.610","3.650","3.495","5.55M","1.11%"
"03/28/2024","3.600","3.470","3.670","3.470","4.36M","3.75%"
"03/27/2024","3.470","3.340","3.510","3.310","5.05M","5.47%"
"03/26/2024","3.290","3.310","3.360","3.270","4.26M","0.61%"
"03/25/2024","3.270","3.390","3.410","3.200","3.52M","-2.68%"
"03/22/2024","3.360","3.530","3.605","3.350","5.61M","-5.08%"
"03/21/2024","3.540","3.280","3.675","3.280","8.49M","7.93%"
"03/20/2024","3.280","2.980","3.280","2.950","6.04M","10.44%"
"03/19/2024","2.970","2.970","3.030","2.910","10.14M","-2.94%"
"03/18/2024","3.060","2.960","3.120","2.900","12.20M","4.44%"
"03/15/2024","2.930","3.350","3.510","2.890","19.43M","-14.33%"
"03/14/2024","3.420","3.620","3.630","3.380","4.24M","-6.30%"
"03/13/2024","3.650","3.550","3.755","3.530","4.55M","2.24%"
"03/12/2024","3.570","3.610","3.660","3.510","3.31M","-1.92%"
"03/11/2024","3.640","3.730","3.740","3.620","4.04M","-2.67%"
"03/08/2024","3.740","3.810","3.910","3.730","3.80M","0.00%"
"03/07/2024","3.740","3.810","3.870","3.710","3.27M","-0.53%"
"03/06/2024","3.760","3.740","3.840","3.675","3.95M","2.73%"
"03/05/2024","3.660","3.660","3.710","3.585","3.53M","-1.35%"
"03/04/2024","3.710","3.880","3.935","3.710","3.20M","-3.64%"
"03/01/2024","3.850","3.950","3.970","3.715","3.77M","-2.53%"
"02/29/2024","3.950","3.870","4.018","3.840","7.73M","3.13%"
"02/28/2024","3.830","3.490","3.965","3.470","7.81M","11.99%"
"02/27/2024","3.420","3.370","3.490","3.330","7.43M","3.01%"
"02/26/2024","3.320","3.330","3.370","3.220","5.23M","-0.30%"
"02/23/2024","3.330","3.350","3.460","3.300","11.44M","-2.06%"
"02/22/2024","3.400","3.490","3.565","3.380","3.91M","-2.58%"
"02/21/2024","3.490","3.500","3.620","3.400","7.33M","-4.38%"
"02/20/2024","3.650","3.640","3.660","3.590","3.12M","-2.41%"
"02/16/2024","3.740","3.790","3.845","3.690","3.69M","-4.35%"
"02/15/2024","3.910","3.850","3.922","3.755","2.70M","2.89%"
"02/14/2024","3.800","3.710","3.810","3.660","4.48M","4.97%"
"02/13/2024","3.620","3.590","3.765","3.470","4.83M","-6.22%"
"02/12/2024","3.860","3.850","3.975","3.830","3.30M","1.05%"
"02/09/2024","3.820","3.770","3.890","3.740","3.20M","1.60%"
"02/08/2024","3.760","3.700","3.800","3.680","2.50M","2.17%"
"02/07/2024","3.680","3.700","3.760","3.565","3.16M","-0.27%"
"02/06/2024","3.690","3.570","3.700","3.560","2.92M","3.36%"
"02/05/2024","3.570","3.550","3.620","3.420","3.37M","-2.19%"
"02/02/2024","3.650","3.550","3.720","3.495","4.64M","-0.54%"
"02/01/2024","3.670","3.480","3.705","3.475","4.13M","6.69%"
"01/31/2024","3.440","3.500","3.850","3.430","6.33M","-3.10%"
"01/30/2024","3.550","3.740","3.740","3.530","3.32M","-6.33%"
"01/29/2024","3.790","3.580","3.845","3.555","4.80M","5.28%"
"01/26/2024","3.600","3.610","3.740","3.590","3.09M","0.00%"
"01/25/2024","3.600","3.490","3.610","3.455","2.94M","6.82%"
"01/24/2024","3.370","3.540","3.595","3.370","3.32M","-2.03%"
"01/23/2024","3.440","3.550","3.610","3.410","4.94M","-1.99%"
"01/22/2024","3.510","3.330","3.560","3.320","4.64M","8.00%"
"01/19/2024","3.250","3.100","3.290","3.025","4.94M","5.18%"
"01/18/2024","3.090","3.130","3.210","3.030","2.64M","-0.32%"
"01/17/2024","3.100","3.100","3.140","2.920","5.40M","-3.73%"
"01/16/2024","3.220","3.350","3.350","3.190","3.22M","-5.29%"
"01/12/2024","3.400","3.520","3.579","3.390","3.02M","-2.02%"
"01/11/2024","3.470","3.660","3.730","3.320","4.06M","-5.96%"
"01/10/2024","3.690","3.740","3.830","3.580","6.40M","-2.64%"
"01/09/2024","3.790","3.750","3.950","3.700","4.88M","-0.52%"
"01/08/2024","3.810","3.420","3.870","3.410","4.40M","11.73%"
"01/05/2024","3.410","3.410","3.540","3.350","5.00M","-1.73%"
"01/04/2024","3.470","3.460","3.560","3.315","3.95M","4.52%"
"01/03/2024","3.320","3.430","3.430","3.240","5.45M","-6.21%"
"01/02/2024","3.540","3.600","3.639","3.420","5.56M","-5.85%"
"12/29/2023","3.760","3.890","3.960","3.690","4.43M","-2.59%"
"12/28/2023","3.860","3.940","3.990","3.780","4.48M","-3.02%"
"12/27/2023","3.980","3.680","3.980","3.665","6.55M","8.45%"
"12/26/2023","3.670","3.540","3.680","3.509","3.41M","5.16%"
"12/22/2023","3.490","3.260","3.630","3.220","7.54M","8.39%"
"12/21/2023","3.220","3.230","3.320","3.070","4.83M","4.55%"
"12/20/2023","3.080","3.080","3.540","3.020","16.66M","1.32%"
"12/19/2023","3.040","2.930","3.078","2.920","4.35M","5.56%"
"12/18/2023","2.880","2.840","2.920","2.780","5.91M","0.00%"
"12/15/2023","2.880","3.000","3.025","2.850","8.76M","-3.68%"
"12/14/2023","2.990","2.980","3.150","2.915","11.65M","5.28%"
"12/13/2023","2.840","2.670","2.930","2.570","9.55M","5.58%"
"12/12/2023","2.690","2.730","2.770","2.590","4.74M","-2.18%"
"12/11/2023","2.750","2.780","2.850","2.671","2.19M","-1.79%"
"12/08/2023","2.800","2.700","2.820","2.660","2.29M","2.56%"
"12/07/2023","2.730","2.650","2.755","2.600","2.45M","2.63%"
"12/06/2023","2.660","2.590","2.810","2.560","3.84M","3.91%"
"12/05/2023","2.560","2.470","2.585","2.420","3.12M","1.19%"
"12/04/2023","2.530","2.420","2.585","2.420","2.96M","4.12%"
"12/01/2023","2.430","2.190","2.490","2.152","3.78M","9.46%"
"11/30/2023","2.220","2.280","2.305","2.140","4.43M","-2.20%"
"11/29/2023","2.270","2.280","2.465","2.240","2.34M","1.34%"
"11/28/2023","2.240","2.130","2.260","2.090","3.94M","4.19%"
"11/27/2023","2.150","2.100","2.170","2.080","2.05M","1.90%"
"11/24/2023","2.110","2.120","2.200","2.100","1.61M","0.00%"
"11/22/2023","2.110","2.050","2.130","2.040","2.89M","4.98%"
"11/21/2023","2.010","2.100","2.115","1.990","2.85M","-7.80%"
"11/20/2023","2.180","2.370","2.390","2.170","3.08M","-8.02%"
"11/17/2023","2.370","2.380","2.400","2.295","2.10M","0.42%"
"11/16/2023","2.360","2.440","2.480","2.300","3.11M","-4.07%"
"11/15/2023","2.460","2.300","2.530","2.300","6.18M","7.42%"
"11/14/2023","2.290","2.140","2.290","2.120","4.52M","17.44%"
"11/13/2023","1.950","1.950","1.970","1.880","2.04M","-0.51%"
"11/10/2023","1.960","1.910","1.990","1.890","2.28M","3.70%"
"11/09/2023","1.890","2.030","2.080","1.880","3.09M","-7.80%"
"11/08/2023","2.050","2.090","2.110","2.000","2.72M","-0.97%"
"11/07/2023","2.070","2.060","2.230","2.060","5.55M","-2.36%"
"11/06/2023","2.120","2.250","2.260","2.020","4.82M","-3.20%"
"11/03/2023","2.190","2.080","2.290","2.055","8.61M","11.73%"
"11/02/2023","1.960","1.990","2.080","1.940","7.49M","3.16%"
"11/01/2023","1.900","1.990","2.050","1.815","7.45M","-4.04%"
"10/31/2023","1.980","2.100","2.150","1.902","5.54M","-6.16%"
"10/30/2023","2.110","2.070","2.120","2.020","2.42M","3.43%"
"10/27/2023","2.040","2.080","2.100","2.020","3.02M","0.00%"
"10/26/2023","2.040","2.040","2.130","2.000","4.26M","-0.49%"
"10/25/2023","2.050","2.120","2.130","1.995","3.38M","-5.53%"
"10/24/2023","2.170","2.130","2.230","2.090","2.27M","3.83%"
"10/23/2023","2.090","2.020","2.130","1.945","2.79M","1.46%"
"10/20/2023","2.060","2.080","2.110","2.000","2.33M","-1.44%"
"10/19/2023","2.090","2.140","2.210","2.090","1.84M","-2.34%"
"10/18/2023","2.140","2.220","2.220","2.110","1.76M","-4.46%"
"10/17/2023","2.240","2.180","2.290","2.170","2.25M","2.75%"
"10/16/2023","2.180","2.200","2.265","2.145","3.02M","-0.46%"
"10/13/2023","2.190","2.280","2.284","2.150","2.16M","-3.52%"
"10/12/2023","2.270","2.450","2.450","2.260","2.56M","-6.58%"
"10/11/2023","2.430","2.480","2.550","2.420","1.73M","-0.82%"
"10/10/2023","2.450","2.390","2.570","2.390","2.17M","2.51%"
"10/09/2023","2.390","2.420","2.460","2.320","2.44M","-2.85%"
"10/06/2023","2.460","2.530","2.550","2.440","2.77M","-2.77%"
"10/05/2023","2.530","2.500","2.595","2.450","3.34M","0.80%"
"10/04/2023","2.510","2.650","2.710","2.440","10.87M","-3.46%"
"10/03/2023","2.600","2.760","2.790","2.590","3.95M","-7.14%"
"10/02/2023","2.800","2.870","2.905","2.790","1.89M","-3.45%"
"09/29/2023","2.900","3.070","3.172","2.840","3.60M","-4.92%"
"09/28/2023","3.050","2.920","3.070","2.900","2.00M","4.10%"
"09/27/2023","2.930","2.840","2.980","2.840","2.02M","2.45%"
"09/26/2023","2.860","2.950","3.050","2.850","2.56M","-5.92%"
"09/25/2023","3.040","3.010","3.085","2.950","2.30M","-0.98%"
"09/22/2023","3.070","3.010","3.150","2.985","2.07M","5.14%"
"09/21/2023","2.920","3.110","3.137","2.895","2.97M","-9.32%"
"09/20/2023","3.220","3.230","3.440","3.180","3.31M","1.26%"
"09/19/2023","3.180","3.230","3.230","3.050","2.78M","-2.15%"
"09/18/2023","3.250","3.200","3.330","3.100","1.88M","0.93%"
"09/15/2023","3.220","3.250","3.250","3.030","8.65M","1.26%"
"09/14/2023","3.180","3.300","3.345","3.151","2.81M","-1.85%"
"09/13/2023","3.240","3.360","3.430","3.220","2.70M","-3.28%"
"09/12/2023","3.350","3.290","3.400","3.270","2.21M","2.13%"
"09/11/2023","3.280","3.400","3.430","3.270","2.40M","-1.80%"
"09/08/2023","3.340","3.340","3.450","3.310","1.75M","-0.89%"
"09/07/2023","3.370","3.420","3.420","3.270","2.07M","-3.99%"
"09/06/2023","3.510","3.580","3.615","3.380","3.48M","-3.04%"
"09/05/2023","3.620","3.520","3.710","3.480","3.46M","2.84%"
"09/01/2023","3.520","3.670","3.750","3.510","3.60M","-2.22%"
"08/31/2023","3.600","3.630","3.710","3.560","5.33M","0.56%"
"08/30/2023","3.580","3.310","3.640","3.310","3.80M","7.51%"
"08/29/2023","3.330","3.330","3.440","3.270","2.92M","0.30%"
"08/28/2023","3.320","3.350","3.400","3.290","1.88M","0.30%"
"08/25/2023","3.310","3.290","3.440","3.190","2.62M","1.22%"
"08/24/2023","3.270","3.350","3.415","3.180","2.31M","-1.80%"
"08/23/2023","3.330","3.300","3.435","3.220","2.80M","2.15%"
"08/22/2023","3.260","3.140","3.300","3.140","3.20M","4.49%"
"08/21/2023","3.120","3.090","3.240","3.050","2.94M","1.30%"
"08/18/2023","3.080","3.100","3.120","2.945","4.09M","-2.22%"
"08/17/2023","3.150","3.350","3.385","3.130","3.70M","-5.97%"
"08/16/2023","3.350","3.500","3.500","3.320","2.64M","-3.18%"
"08/15/2023","3.460","3.560","3.620","3.410","2.94M","-5.21%"
"08/14/2023","3.650","3.640","3.730","3.585","2.22M","-1.88%"
"08/11/2023","3.720","3.620","3.730","3.550","2.80M","0.81%"
"08/10/2023","3.690","3.760","3.820","3.610","2.78M","-0.54%"
"08/09/2023","3.710","3.850","3.880","3.640","2.60M","-3.64%"
"08/08/2023","3.850","3.710","3.860","3.250","6.75M","-3.02%"
"08/07/2023","3.970","4.120","4.170","3.610","5.29M","-2.22%"
"08/04/2023","4.060","4.310","4.370","3.970","3.68M","-6.67%"
"08/03/2023","4.350","4.110","4.380","4.060","3.19M","5.07%"
"08/02/2023","4.140","4.010","4.180","3.940","1.96M","0.00%"
"08/01/2023","4.140","4.120","4.170","3.995","1.57M","-1.19%"
"07/31/2023","4.190","4.250","4.305","4.110","2.65M","-0.95%"
"07/28/2023","4.230","4.150","4.320","4.090","2.65M","6.55%"
"07/27/2023","3.970","4.490","4.490","3.880","3.37M","-10.18%"
"07/26/2023","4.420","4.190","4.470","4.190","2.86M","5.49%"
"07/25/2023","4.190","3.900","4.410","3.900","5.67M","5.28%"
"07/24/2023","3.980","3.610","3.980","3.610","3.42M","10.86%"
"07/21/2023","3.590","3.670","3.700","3.540","2.95M","-1.37%"
"07/20/2023","3.640","3.720","3.720","3.570","2.60M","-3.19%"
"07/19/2023","3.760","4.060","4.090","3.570","5.58M","-7.84%"
"07/18/2023","4.080","4.050","4.120","3.890","2.57M","4.62%"
"07/17/2023","3.900","3.900","3.990","3.810","2.26M","0.00%"
"07/14/2023","3.900","4.050","4.160","3.815","4.02M","-5.80%"
"07/13/2023","4.140","3.900","4.140","3.845","5.57M","5.61%"
"07/12/2023","3.920","3.700","4.010","3.610","8.81M","11.05%"
"07/11/2023","3.530","3.260","3.550","3.250","3.14M","9.29%"
"07/10/2023","3.230","3.300","3.345","3.205","2.10M","-1.22%"
"07/07/2023","3.270","3.200","3.350","3.200","1.86M","1.24%"
"07/06/2023","3.230","3.250","3.275","3.120","2.18M","-2.71%"
"07/05/2023","3.320","3.590","3.630","3.300","3.39M","-9.78%"
"07/03/2023","3.680","3.520","3.700","3.520","1.39M","5.14%"
"06/30/2023","3.500","3.660","3.680","3.435","3.04M","-2.23%"
"06/29/2023","3.580","3.480","3.749","3.480","3.70M","1.99%"
"06/28/2023","3.510","3.420","3.605","3.380","3.56M","2.93%"
"06/27/2023","3.410","3.240","3.420","3.142","6.00M","7.23%"
"06/26/2023","3.180","3.030","3.250","3.030","2.27M","3.58%"
"06/23/2023","3.070","3.060","3.160","3.040","6.67M","-2.23%"
"06/22/2023","3.140","3.170","3.190","3.055","3.84M","-1.26%"
"06/21/2023","3.180","3.170","3.240","3.070","4.67M","0.00%"
"06/20/2023","3.180","3.340","3.435","3.050","5.98M","-5.07%"
"06/16/2023","3.350","3.400","3.460","3.295","4.96M","-1.18%"
"06/15/2023","3.390","3.150","3.400","3.050","4.94M","4.63%"
"06/14/2023","3.240","3.300","3.370","3.130","5.77M","-0.61%"
"06/13/2023","3.260","3.500","3.580","3.240","9.71M","-8.94%"
"06/12/2023","3.580","3.560","3.710","3.500","4.11M","1.70%"
"06/09/2023","3.520","3.730","3.805","3.490","4.03M","-4.09%"
"06/08/2023","3.670","3.870","3.870","3.620","3.82M","-5.66%"
"06/07/2023","3.890","4.080","4.190","3.870","3.21M","-4.19%"
"06/06/2023","4.060","3.800","4.110","3.740","1.96M","5.73%"
"06/05/2023","3.840","3.890","3.960","3.820","1.51M","-1.54%"
"06/02/2023","3.900","3.710","3.900","3.680","2.02M","5.41%"
"06/01/2023","3.700","3.660","3.835","3.540","2.22M","0.00%"
"05/31/2023","3.700","3.320","3.700","3.320","7.14M","10.45%"
"05/30/2023","3.350","3.470","3.540","3.210","3.03M","-2.33%"
"05/26/2023","3.430","3.595","3.700","3.410","3.13M","-4.19%"
"05/25/2023","3.580","3.760","3.770","3.510","2.08M","-3.76%"
"05/24/2023","3.720","3.880","3.900","3.680","2.37M","-7.92%"
"05/23/2023","4.040","4.140","4.305","4.030","2.20M","-3.35%"
"05/22/2023","4.180","4.070","4.270","4.018","2.69M","2.70%"
"05/19/2023","4.070","4.210","4.260","4.050","2.72M","-3.33%"
"05/18/2023","4.210","4.050","4.230","4.010","3.17M","4.73%"
"05/17/2023","4.020","3.740","4.040","3.690","2.69M","8.36%"
"05/16/2023","3.710","3.820","3.860","3.630","1.87M","-4.13%"
"05/15/2023","3.870","3.690","3.900","3.650","1.97M","5.74%"
"05/12/2023","3.660","3.550","3.800","3.490","3.14M","3.10%"
"05/11/2023","3.550","3.680","3.970","3.535","5.51M","-6.08%"
"05/10/2023","3.780","3.540","3.950","3.410","11.58M","35.00%"
"05/09/2023","2.800","2.580","2.870","2.520","3.70M","6.06%"
"05/08/2023","2.640","2.490","2.650","2.450","3.39M","6.02%"
"05/05/2023","2.490","2.270","2.555","2.263","8.38M","13.70%"
"05/04/2023","2.190","2.160","2.250","2.081","4.98M","1.39%"
"05/03/2023","2.160","2.210","2.265","2.140","3.09M","-1.82%"
"05/02/2023","2.200","2.350","2.350","2.170","3.16M","-7.95%"
"05/01/2023","2.390","2.340","2.450","2.310","2.14M","2.14%"
"04/28/2023","2.340","2.210","2.380","2.185","3.63M","4.46%"
"04/27/2023","2.240","2.330","2.345","2.200","3.43M","-3.03%"
"04/26/2023","2.310","2.650","2.660","2.230","5.36M","-10.47%"
"04/25/2023","2.580","2.890","2.920","2.540","5.45M","-11.95%"
"04/24/2023","2.930","3.060","3.120","2.920","1.19M","-4.87%"
"04/21/2023","3.080","3.070","3.105","3.000","1.28M","0.98%"
"04/20/2023","3.050","3.080","3.205","3.050","1.18M","-2.87%"
"04/19/2023","3.140","3.060","3.220","3.035","1.89M","0.96%"
"04/18/2023","3.110","3.260","3.270","3.045","2.28M","-2.51%"
"04/17/2023","3.190","3.150","3.215","3.090","875.93K","1.92%"
"04/14/2023","3.130","3.170","3.185","3.040","1.55M","-0.63%"
"04/13/2023","3.150","3.110","3.205","3.090","1.15M","2.94%"
"04/12/2023","3.060","3.290","3.390","3.050","1.76M","-4.08%"
"04/11/2023","3.190","3.170","3.250","3.120","1.24M","1.92%"
"04/10/2023","3.130","3.140","3.175","3.015","2.24M","-2.19%"
"04/06/2023","3.200","3.120","3.230","3.070","1.93M","1.91%"
"04/05/2023","3.140","3.150","3.205","2.990","1.46M","-1.87%"
"04/04/2023","3.200","3.250","3.330","3.140","1.65M","-1.54%"
"04/03/2023","3.250","3.210","3.260","3.100","1.99M","0.62%"
"03/31/2023","3.230","3.090","3.290","3.060","2.89M","5.21%"
"03/30/2023","3.070","3.130","3.170","3.045","1.07M","0.33%"
"03/29/2023","3.060","2.990","3.060","2.930","1.07M","5.15%"
"03/28/2023","2.910","3.000","3.010","2.850","1.18M","-3.64%"
"03/27/2023","3.020","3.050","3.050","2.900","1.66M","0.67%"
"03/24/2023","3.000","2.900","3.070","2.880","1.53M","1.35%"
"03/23/2023","2.960","2.960","3.170","2.930","1.77M","0.34%"
"03/22/2023","2.950","3.120","3.180","2.940","2.11M","-6.65%"
"03/21/2023","3.160","3.000","3.210","2.940","2.34M","7.48%"
"03/20/2023","2.940","2.950","3.019","2.850","1.67M","-0.68%"
"03/17/2023","2.960","3.050","3.050","2.895","2.94M","-3.27%"
"03/16/2023","3.060","2.890","3.090","2.880","1.86M","3.03%"
"03/15/2023","2.970","2.760","2.990","2.740","2.33M","2.77%"
"03/14/2023","2.890","3.080","3.140","2.840","2.52M","-1.70%"
"03/13/2023","2.940","2.750","3.040","2.615","4.78M","3.16%"
"03/10/2023","2.850","2.920","2.930","2.760","3.30M","-3.06%"
"03/09/2023","2.940","3.290","3.310","2.930","1.97M","-10.91%"
"03/08/2023","3.300","3.240","3.330","3.160","1.42M","1.54%"
"03/07/2023","3.250","3.280","3.365","3.210","3.84M","-3.27%"
"03/06/2023","3.360","3.400","3.570","3.290","2.56M","-1.47%"
"03/03/2023","3.410","3.160","3.440","3.070","5.10M","12.91%"
"03/02/2023","3.020","3.080","3.090","2.820","3.40M","-0.98%"
"03/01/2023","3.050","3.360","3.420","2.800","6.72M","-15.51%"
"02/28/2023","3.610","3.560","3.680","3.500","2.05M","0.84%"
"02/27/2023","3.580","3.660","3.690","3.520","1.34M","-0.28%"
"02/24/2023","3.590","3.520","3.615","3.430","1.75M","-1.64%"
"02/23/2023","3.650","3.900","3.920","3.570","2.18M","-5.19%"
"02/22/2023","3.850","3.800","3.920","3.670","1.72M","1.58%"
"02/21/2023","3.790","3.780","3.980","3.710","2.18M","-2.32%"
"02/17/2023","3.880","4.090","4.137","3.745","2.73M","-6.73%"
"02/16/2023","4.160","4.260","4.360","4.080","2.58M","-5.67%"
"02/15/2023","4.410","4.170","4.420","4.155","2.08M","3.76%"
"02/14/2023","4.250","4.020","4.290","3.850","2.48M","3.16%"
"02/13/2023","4.120","3.730","4.260","3.695","3.82M","11.35%"
"02/10/2023","3.700","3.830","3.960","3.630","3.30M","-6.33%"
"02/09/2023","3.950","4.270","4.305","3.950","2.64M","-4.59%"
"02/08/2023","4.140","4.160","4.350","4.130","2.47M","-2.13%"
"02/07/2023","4.230","4.330","4.360","3.910","3.25M","-4.94%"
"02/06/2023","4.450","4.410","4.560","4.330","2.75M","-0.67%"
"02/03/2023","4.480","4.480","4.720","4.310","3.32M","-5.88%"
"02/02/2023","4.760","4.490","5.159","4.490","10.41M","7.94%"
"02/01/2023","4.410","4.030","4.450","3.900","3.98M","9.70%"
"01/31/2023","4.020","3.840","4.080","3.830","3.52M","6.63%"
"01/30/2023","3.770","3.940","3.960","3.750","3.66M","-5.51%"
"01/27/2023","3.990","3.650","4.120","3.650","6.63M","7.26%"
"01/26/2023","3.720","3.520","3.760","3.430","3.40M","6.59%"
"01/25/2023","3.490","3.210","3.500","3.160","3.31M","5.44%"
"01/24/2023","3.310","3.380","3.470","3.300","2.35M","-3.22%"
"01/23/2023","3.420","3.410","3.520","3.320","2.56M","0.29%"
"01/20/2023","3.410","3.150","3.440","3.022","2.32M","10.00%"
"01/19/2023","3.100","3.390","3.390","2.905","4.63M","-10.92%"
"01/18/2023","3.480","3.700","3.840","3.470","2.28M","-4.66%"
"01/17/2023","3.650","3.600","3.680","3.480","1.64M","1.39%"
"01/13/2023","3.600","3.540","3.700","3.480","2.23M","-1.10%"
"01/12/2023","3.640","3.340","3.650","3.200","3.80M","8.98%"
"01/11/2023","3.340","3.000","3.390","2.985","5.03M","10.96%"
"01/10/2023","3.010","2.790","3.010","2.680","2.82M","7.50%"
"01/09/2023","2.800","2.550","2.905","2.500","3.82M","11.55%"
"01/06/2023","2.510","2.450","2.510","2.290","1.96M","5.02%"
"01/05/2023","2.390","2.390","2.455","2.310","2.96M","-2.45%"
"01/04/2023","2.450","2.300","2.535","2.250","3.55M","10.36%"
"01/03/2023","2.220","2.350","2.540","2.200","2.43M","-4.72%"
"12/30/2022","2.330","2.150","2.370","2.130","2.55M","5.91%"
"12/29/2022","2.200","2.080","2.200","2.010","2.05M","7.84%"
"12/28/2022","2.040","2.090","2.130","2.000","1.87M","-2.86%"
"12/27/2022","2.100","2.230","2.230","2.070","1.33M","-6.67%"
"12/23/2022","2.250","2.240","2.300","2.170","1.50M","0.45%"
"12/22/2022","2.240","2.290","2.310","2.130","2.25M","-5.88%"
"12/21/2022","2.380","2.380","2.440","2.295","1.58M","2.59%"
"12/20/2022","2.320","2.410","2.420","2.270","2.33M","-3.73%"
"12/19/2022","2.410","2.620","2.620","2.400","1.58M","-9.74%"
"12/16/2022","2.670","2.520","2.680","2.501","3.21M","3.89%"
"12/15/2022","2.570","2.710","2.785","2.570","1.90M","-8.87%"
"12/14/2022","2.820","2.640","2.830","2.620","2.79M","6.42%"
"12/13/2022","2.650","2.875","3.050","2.600","2.73M","0.38%"
"12/12/2022","2.640","2.550","2.645","2.470","2.00M","2.72%"
"12/09/2022","2.570","2.540","2.620","2.450","1.20M","-1.15%"
"12/08/2022","2.600","2.630","2.820","2.510","1.65M","-1.52%"
"12/07/2022","2.640","2.720","2.755","2.569","2.59M","-4.35%"
"12/06/2022","2.760","2.910","2.930","2.740","1.56M","-5.15%"
"12/05/2022","2.910","3.200","3.270","2.900","1.79M","-11.01%"
"12/02/2022","3.270","3.040","3.310","2.980","2.23M","1.87%"
"12/01/2022","3.210","2.990","3.220","2.970","3.48M","7.36%"
"11/30/2022","2.990","2.710","2.990","2.610","3.49M","11.15%"
"11/29/2022","2.690","2.700","2.810","2.680","1.43M","-0.37%"
"11/28/2022","2.700","2.800","2.950","2.700","1.30M","-5.59%"
"11/25/2022","2.860","2.750","2.860","2.725","564.81K","1.42%"
"11/23/2022","2.820","2.780","2.850","2.690","1.44M","2.17%"
"11/22/2022","2.760","2.720","2.780","2.575","1.71M","2.22%"
"11/21/2022","2.700","2.750","2.770","2.565","2.08M","-3.57%"
"11/18/2022","2.800","3.040","3.045","2.760","2.26M","-5.08%"
"11/17/2022","2.950","3.020","3.020","2.840","2.41M","-3.91%"
"11/16/2022","3.070","3.320","3.360","3.060","2.63M","-10.23%"
"11/15/2022","3.420","3.330","3.569","3.330","6.36M","6.21%"
"11/14/2022","3.220","3.420","3.515","3.210","4.67M","-8.00%"
"11/11/2022","3.500","2.230","4.210","2.181","33.70M","44.03%"
"11/10/2022","2.430","2.040","2.440","2.040","6.80M","31.35%"
"11/09/2022","1.850","2.030","2.030","1.840","2.90M","-9.31%"
"11/08/2022","2.040","2.100","2.150","1.990","3.88M","-2.86%"
"11/07/2022","2.100","2.250","2.270","2.025","3.33M","-6.25%"
"11/04/2022","2.240","2.310","2.320","2.145","2.70M","-0.44%"
"11/03/2022","2.250","2.300","2.410","2.250","2.58M","-4.66%"
"11/02/2022","2.360","2.530","2.610","2.351","3.02M","-7.45%"
"11/01/2022","2.550","2.700","2.770","2.540","1.88M","-3.41%"
"10/31/2022","2.640","2.530","2.660","2.530","3.12M","5.18%"
"10/28/2022","2.510","2.670","2.710","2.480","4.22M","-8.39%"
"10/27/2022","2.740","2.780","2.795","2.680","1.99M","1.86%"
"10/26/2022","2.690","2.600","2.800","2.585","2.11M","1.89%"
"10/25/2022","2.640","2.290","2.695","2.290","3.72M","15.79%"
"10/24/2022","2.280","2.480","2.480","2.210","2.61M","-7.32%"
"10/21/2022","2.460","2.480","2.490","2.325","1.97M","-0.81%"
"10/20/2022","2.480","2.480","2.670","2.435","2.52M","-0.80%"
"10/19/2022","2.500","2.710","2.750","2.460","2.38M","-8.76%"
"10/18/2022","2.740","2.800","2.885","2.630","3.56M","1.48%"
"10/17/2022","2.700","2.560","2.700","2.430","2.67M","9.76%"
"10/14/2022","2.460","2.740","2.820","2.450","1.88M","-8.89%"
"10/13/2022","2.700","2.600","2.730","2.420","3.59M","-0.37%"
"10/12/2022","2.710","2.920","2.920","2.680","4.13M","-7.51%"
"10/11/2022","2.930","2.770","2.940","2.620","3.90M","5.78%"
"10/10/2022","2.770","2.910","2.910","2.740","3.85M","-3.48%"
"10/07/2022","2.870","2.850","3.009","2.740","4.32M","-3.04%"
"10/06/2022","2.960","2.650","3.225","2.640","12.61M","16.08%"
"10/05/2022","2.550","2.550","2.625","2.460","2.35M","-3.04%"
"10/04/2022","2.630","2.550","2.680","2.510","7.47M","7.79%"
"10/03/2022","2.440","2.370","2.465","2.270","2.48M","5.17%"
"09/30/2022","2.320","2.360","2.435","2.310","2.19M","-0.43%"
"09/29/2022","2.330","2.520","2.560","2.300","2.26M","-10.38%"
"09/28/2022","2.600","2.330","2.640","2.320","4.63M","11.59%"
"09/27/2022","2.330","2.360","2.500","2.290","3.19M","1.75%"
"09/26/2022","2.290","2.340","2.495","2.280","3.34M","-2.55%"
"09/23/2022","2.350","2.230","2.400","2.230","4.00M","2.62%"
"09/22/2022","2.290","2.410","2.435","2.260","4.50M","-6.15%"
"09/21/2022","2.440","2.560","2.620","2.430","3.28M","-3.56%"
"09/20/2022","2.530","2.680","2.680","2.500","5.24M","-5.95%"
"09/19/2022","2.690","2.810","2.850","2.675","8.85M","-6.92%"
"09/16/2022","2.890","3.080","3.100","2.840","21.11M","-8.54%"
"09/15/2022","3.160","3.030","3.290","3.030","4.28M","3.27%"
"09/14/2022","3.060","3.030","3.120","2.900","5.37M","0.66%"
"09/13/2022","3.040","3.200","3.225","3.030","4.55M","-10.06%"
"09/12/2022","3.380","3.210","3.380","3.200","3.09M","5.63%"
"09/09/2022","3.200","3.000","3.200","3.000","3.82M","8.11%"
"09/08/2022","2.960","2.850","2.980","2.845","3.74M","1.72%"
"09/07/2022","2.910","2.810","2.960","2.770","4.64M","3.19%"
"09/06/2022","2.820","2.800","2.890","2.745","5.83M","2.55%"
"09/02/2022","2.750","2.890","2.970","2.740","3.30M","-2.14%"
"09/01/2022","2.810","2.820","2.870","2.610","5.22M","-1.75%"
"08/31/2022","2.860","3.130","3.175","2.840","5.55M","-8.04%"
"08/30/2022","3.110","3.180","3.270","3.050","2.81M","-2.20%"
"08/29/2022","3.180","3.200","3.310","3.170","3.32M","-2.15%"
"08/26/2022","3.250","3.270","3.300","3.085","4.71M","-0.31%"
"08/25/2022","3.260","3.290","3.340","3.170","2.75M","-0.61%"
"08/24/2022","3.280","3.220","3.385","3.220","3.24M","2.18%"
"08/23/2022","3.210","3.340","3.428","3.200","4.97M","-3.89%"
"08/22/2022","3.340","3.590","3.620","3.330","3.35M","-7.73%"
"08/19/2022","3.620","3.940","3.940","3.610","3.99M","-10.84%"
"08/18/2022","4.060","4.020","4.120","3.860","5.99M","2.53%"
"08/17/2022","3.960","4.320","4.320","3.880","5.11M","-11.01%"
"08/16/2022","4.450","4.190","4.680","3.930","7.67M","-4.91%"
"08/15/2022","4.680","4.640","4.700","4.405","4.50M","-0.43%"
"08/12/2022","4.700","4.740","4.770","4.550","2.61M","1.08%"
"08/11/2022","4.650","4.840","4.905","4.630","3.33M","-1.90%"
"08/10/2022","4.740","4.530","4.940","4.527","2.88M","7.73%"
"08/09/2022","4.400","4.620","4.620","4.150","6.42M","-4.35%"
"08/08/2022","4.600","4.140","4.670","4.111","4.18M","12.20%"
"08/05/2022","4.100","3.880","4.110","3.650","7.82M","4.86%"
"08/04/2022","3.910","3.970","4.040","3.885","1.92M","-1.51%"
"08/03/2022","3.970","3.860","4.010","3.815","2.34M","3.12%"
"08/02/2022","3.850","3.780","3.960","3.740","2.49M","-0.26%"
"08/01/2022","3.860","3.750","3.860","3.530","2.69M","1.05%"
"07/29/2022","3.820","3.810","3.940","3.760","1.77M","-1.29%"
"07/28/2022","3.870","3.720","3.880","3.590","2.30M","3.75%"
"07/27/2022","3.730","3.500","3.770","3.400","2.40M","6.57%"
"07/26/2022","3.500","3.580","3.600","3.360","2.48M","-3.58%"
"07/25/2022","3.630","3.680","3.790","3.600","2.79M","-1.09%"
"07/22/2022","3.670","3.830","3.845","3.640","3.51M","-4.43%"
"07/21/2022","3.840","3.950","3.990","3.700","4.31M","-7.47%"
"07/20/2022","4.150","4.140","4.330","4.075","2.88M","0.00%"
"07/19/2022","4.150","4.090","4.250","4.020","1.95M","3.23%"
"07/18/2022","4.020","4.140","4.290","3.980","2.04M","-1.23%"
"07/15/2022","4.070","4.020","4.110","3.860","2.20M","4.09%"
"07/14/2022","3.910","4.150","4.190","3.870","3.23M","-8.00%"
"07/13/2022","4.250","4.140","4.340","3.940","2.87M","-0.23%"
"07/12/2022","4.260","4.230","4.365","4.115","2.88M","1.19%"
"07/11/2022","4.210","4.520","4.570","4.180","1.92M","-7.47%"
"07/08/2022","4.550","4.510","4.680","4.430","2.21M","-0.87%"
"07/07/2022","4.590","4.430","4.600","4.360","2.36M","4.79%"
"07/06/2022","4.380","4.340","4.430","4.230","2.78M","-0.45%"
"07/05/2022","4.400","3.900","4.410","3.870","4.00M","9.73%"
"07/01/2022","4.010","3.590","4.010","3.590","3.38M","11.08%"
"06/30/2022","3.610","3.430","3.610","3.315","3.67M","2.27%"
"06/29/2022","3.530","3.620","3.670","3.460","3.24M","-4.08%"
"06/28/2022","3.680","3.840","3.940","3.640","3.17M","-3.16%"
"06/27/2022","3.800","4.060","4.110","3.760","4.59M","-6.40%"
"06/24/2022","4.060","4.240","4.320","4.030","34.04M","-1.93%"
"06/23/2022","4.140","3.950","4.180","3.880","4.43M","5.34%"
"06/22/2022","3.930","3.860","4.130","3.810","4.43M","-1.26%"
"06/21/2022","3.980","3.920","4.225","3.800","8.09M","4.74%"
"06/17/2022","3.800","3.650","3.900","3.560","4.84M","5.56%"
"06/16/2022","3.600","3.910","3.990","3.580","6.07M","-11.76%"
"06/15/2022","4.080","4.300","4.420","4.030","8.79M","-4.23%"
"06/14/2022","4.260","4.790","4.835","4.170","5.20M","-10.50%"
"06/13/2022","4.760","4.990","5.010","4.740","4.27M","-10.86%"
"06/10/2022","5.340","5.450","5.450","5.250","3.32M","-4.47%"
"06/09/2022","5.590","6.110","6.180","5.550","2.93M","-9.69%"
"06/08/2022","6.190","6.070","6.325","6.041","2.56M","1.64%"
"06/07/2022","6.090","6.300","6.330","5.920","3.65M","-4.99%"
"06/06/2022","6.410","6.550","6.880","6.250","4.65M","2.23%"
"06/03/2022","6.270","6.460","6.710","6.220","4.76M","-6.14%"
"06/02/2022","6.680","5.960","6.770","5.960","5.29M","11.15%"
"06/01/2022","6.010","5.860","6.290","5.860","5.00M","2.56%"
"05/31/2022","5.860","5.930","6.020","5.615","22.01M","-2.50%"
"05/27/2022","6.010","5.450","6.170","5.406","6.36M","12.13%"
"05/26/2022","5.360","5.300","5.535","5.220","3.48M","1.13%"
"05/25/2022","5.300","5.200","5.430","5.200","3.51M","0.76%"
"05/24/2022","5.260","5.580","5.710","5.250","3.20M","-8.20%"
"05/23/2022","5.730","5.530","5.790","5.455","3.47M","4.37%"
"05/20/2022","5.490","5.630","5.835","5.350","3.89M","-0.54%"
"05/19/2022","5.520","5.240","5.590","5.240","4.11M","6.98%"
"05/18/2022","5.160","5.280","5.560","5.080","3.13M","-3.73%"
"05/17/2022","5.360","5.360","5.510","5.200","3.43M","1.71%"
"05/16/2022","5.270","5.300","5.590","5.160","5.65M","-3.30%"
"05/13/2022","5.450","4.770","5.505","4.640","17.02M","21.92%"
"05/12/2022","4.470","4.150","4.610","4.000","5.66M","6.18%"
"05/11/2022","4.210","4.040","4.300","3.970","9.73M","3.95%"
"05/10/2022","4.050","4.710","4.740","3.760","11.09M","-11.76%"
"05/09/2022","4.590","5.170","5.190","4.550","3.78M","-13.07%"
"05/06/2022","5.280","5.400","5.485","5.085","2.55M","-3.30%"
"05/05/2022","5.460","5.750","5.800","5.310","2.07M","-6.83%"
"05/04/2022","5.860","5.790","5.890","5.345","2.01M","2.27%"
"05/03/2022","5.730","5.530","5.815","5.360","2.45M","3.43%"
"05/02/2022","5.540","5.360","5.560","5.260","2.90M","2.03%"
"04/29/2022","5.430","5.690","5.900","5.420","2.27M","-6.22%"
"04/28/2022","5.790","5.640","5.910","5.410","1.99M","3.39%"
"04/27/2022","5.600","5.500","5.795","5.450","2.08M","2.00%"
"04/26/2022","5.490","5.640","5.700","5.390","2.17M","-4.19%"
"04/25/2022","5.730","5.710","5.853","5.580","2.58M","-1.88%"
"04/22/2022","5.840","6.400","6.400","5.690","3.94M","-12.44%"
"04/21/2022","6.670","7.000","7.010","6.490","3.33M","-2.06%"
"04/20/2022","6.810","6.360","7.090","6.210","3.34M","7.41%"
"04/19/2022","6.340","6.000","6.460","5.940","1.93M","6.02%"
"04/18/2022","5.980","5.910","6.110","5.710","2.73M","-0.33%"
"04/14/2022","6.000","6.490","6.560","5.940","2.07M","-7.55%"
"04/13/2022","6.490","6.750","6.800","6.400","3.87M","-4.42%"
"04/12/2022","6.790","6.830","7.160","6.755","4.86M","1.34%"
"04/11/2022","6.700","6.380","6.850","6.320","3.69M","2.13%"
"04/08/2022","6.560","6.700","6.775","6.460","1.20M","-2.67%"
"04/07/2022","6.740","6.810","6.945","6.510","1.34M","-1.32%"
"04/06/2022","6.830","6.890","7.020","6.580","1.67M","-6.69%"
"04/05/2022","7.320","7.780","7.850","7.310","1.24M","-5.67%"
"04/04/2022","7.760","7.370","7.965","7.350","1.41M","5.01%"
"04/01/2022","7.390","7.920","7.980","7.220","2.57M","-5.98%"
"03/31/2022","7.860","7.890","8.025","7.835","1.54M","-1.26%"
"03/30/2022","7.960","8.210","8.259","7.850","1.45M","-4.10%"
"03/29/2022","8.300","7.930","8.350","7.890","2.55M","5.46%"
"03/28/2022","7.870","7.610","7.880","7.580","1.93M","3.42%"
"03/25/2022","7.610","7.440","7.715","7.380","2.44M","1.33%"
"03/24/2022","7.510","7.250","7.510","7.045","1.78M","4.45%"
"03/23/2022","7.190","7.300","7.505","7.140","1.30M","-3.36%"
"03/22/2022","7.440","6.670","7.620","6.630","2.58M","13.24%"
"03/21/2022","6.570","6.650","6.810","6.470","1.28M","-2.67%"
"03/18/2022","6.750","6.360","6.870","6.360","1.40M","4.81%"
"03/17/2022","6.440","6.240","6.630","6.240","1.34M","2.38%"
"03/16/2022","6.290","5.930","6.385","5.900","5.05M","7.52%"
"03/15/2022","5.850","5.780","6.030","5.580","1.95M","-0.17%"
"03/14/2022","5.860","6.380","6.380","5.840","2.00M","-9.98%"
"03/11/2022","6.510","6.920","6.970","6.350","1.84M","-5.38%"
"03/10/2022","6.880","7.000","7.140","6.500","4.64M","-5.62%"
"03/09/2022","7.290","6.880","7.290","6.880","4.34M","9.95%"
"03/08/2022","6.630","6.560","6.930","6.390","2.96M","0.00%"
"03/07/2022","6.630","6.990","7.020","6.530","2.38M","-5.01%"
"03/04/2022","6.980","7.450","7.560","6.800","1.92M","-6.43%"
"03/03/2022","7.460","7.560","7.680","7.190","3.54M","-1.32%"
"03/02/2022","7.560","7.320","7.575","7.280","1.28M","2.16%"
"03/01/2022","7.400","7.550","7.670","7.360","1.93M","-2.76%"
"02/28/2022","7.610","7.610","7.725","7.390","1.58M","-0.52%"
"02/25/2022","7.650","7.800","7.810","7.300","7.94M","-2.80%"
"02/24/2022","7.870","6.950","7.920","6.910","5.33M","7.07%"
"02/23/2022","7.350","7.780","7.880","7.250","4.12M","-4.92%"
"02/22/2022","7.730","8.070","8.220","7.470","6.05M","-6.87%"
"02/18/2022","8.300","8.830","8.830","8.092","6.83M","-7.37%"
"02/17/2022","8.960","8.290","9.185","8.230","5.84M","5.41%"
"02/16/2022","8.500","8.800","8.800","8.370","1.62M","-3.41%"
"02/15/2022","8.800","8.470","8.840","8.440","1.97M","5.52%"
"02/14/2022","8.340","8.360","8.680","8.300","1.29M","-0.60%"
"02/11/2022","8.390","8.350","8.690","8.200","1.50M","0.72%"
"02/10/2022","8.330","8.600","8.830","8.293","1.39M","-5.77%"
"02/09/2022","8.840","8.570","8.840","8.480","1.30M","5.24%"
"02/08/2022","8.400","8.110","8.510","8.070","1.18M","1.82%"
"02/07/2022","8.250","8.250","8.500","8.145","783.88K","-0.24%"
"02/04/2022","8.270","7.970","8.360","7.860","1.06M","4.68%"
"02/03/2022","7.900","8.080","8.430","7.895","1.61M","-4.93%"
"02/02/2022","8.310","8.850","8.850","8.310","1.10M","-6.21%"
"02/01/2022","8.860","8.720","8.880","8.470","1.16M","3.26%"
"01/31/2022","8.580","7.850","8.680","7.850","1.93M","9.30%"
"01/28/2022","7.850","7.590","7.870","7.290","1.17M","3.70%"
"01/27/2022","7.570","7.880","8.020","7.530","1.14M","-1.17%"
"01/26/2022","7.660","7.950","8.170","7.650","2.47M","-0.65%"
"01/25/2022","7.710","7.980","8.100","7.570","2.32M","-6.55%"
"01/24/2022","8.250","7.880","8.280","7.250","3.16M","2.36%"
"01/21/2022","8.060","8.100","8.310","7.940","1.99M","-2.07%"
"01/20/2022","8.230","8.300","8.740","8.165","1.10M","0.37%"
"01/19/2022","8.200","8.060","8.485","8.030","1.81M","2.89%"
"01/18/2022","7.970","8.100","8.390","7.720","3.43M","-4.09%"
"01/14/2022","8.310","8.680","8.680","8.145","1.70M","-4.81%"
"01/13/2022","8.730","9.230","9.230","8.670","1.35M","-5.11%"
"01/12/2022","9.200","9.090","9.267","8.910","2.53M","1.55%"
"01/11/2022","9.060","8.680","9.105","8.650","2.45M","6.34%"
"01/10/2022","8.520","8.440","8.580","8.090","3.27M","-0.23%"
"01/07/2022","8.540","8.290","8.560","8.100","8.67M","1.79%"
"01/06/2022","8.390","8.780","8.960","8.180","1.85M","-5.30%"
"01/05/2022","8.860","9.180","9.181","8.790","2.23M","-4.22%"
"01/04/2022","9.250","9.550","9.600","9.050","2.56M","-3.14%"
"01/03/2022","9.550","9.200","9.710","9.200","1.81M","5.06%"
"12/31/2021","9.090","9.060","9.310","9.012","1.63M","-0.44%"
"12/30/2021","9.130","8.770","9.260","8.650","1.39M","3.75%"
"12/29/2021","8.800","9.020","9.100","8.620","2.89M","-3.61%"
"12/28/2021","9.130","9.180","9.270","9.040","1.32M","-1.08%"
"12/27/2021","9.230","9.240","9.290","9.060","1.06M","0.11%"
"12/23/2021","9.220","9.310","9.310","8.760","1.87M","-0.32%"
"12/22/2021","9.250","9.690","9.900","9.230","1.98M","-4.15%"
"12/21/2021","9.650","9.400","9.980","9.340","7.02M","3.76%"
"12/20/2021","9.300","9.460","9.610","9.275","5.16M","-3.73%"
"12/17/2021","9.660","9.780","10.090","9.190","6.77M","-2.42%"
"12/16/2021","9.900","10.520","11.020","9.850","6.89M","-5.08%"
"12/15/2021","10.430","9.960","10.780","9.860","6.98M","4.51%"
"12/14/2021","9.980","10.070","10.640","9.920","2.13M","-2.25%"
"12/13/2021","10.210","10.180","10.770","9.965","2.39M","-1.16%"
"12/10/2021","10.330","10.420","10.815","10.140","2.09M","-0.10%"
"12/09/2021","10.340","10.660","10.880","10.260","2.35M","-3.99%"
"12/08/2021","10.770","10.330","11.010","10.230","2.59M","4.66%"
"12/07/2021","10.290","9.980","10.490","9.945","2.28M","5.00%"
"12/06/2021","9.800","9.200","9.830","9.150","4.32M","6.18%"
"12/03/2021","9.230","9.310","9.570","9.050","2.15M","-0.22%"
"12/02/2021","9.250","8.650","9.260","8.610","2.45M","7.06%"
"12/01/2021","8.640","9.630","9.790","8.600","4.89M","-9.62%"
"11/30/2021","9.560","9.240","9.620","9.130","2.72M","2.25%"
"11/29/2021","9.350","9.510","9.550","9.030","2.07M","-1.58%"
"11/26/2021","9.500","9.380","9.540","9.130","989.12K","-0.31%"
"11/24/2021","9.530","9.480","9.590","9.290","1.45M","1.28%"
"11/23/2021","9.410","9.850","9.877","9.285","2.30M","-4.47%"
"11/22/2021","9.850","10.390","10.415","9.560","2.25M","-5.56%"
"11/19/2021","10.430","10.400","10.820","10.350","1.97M","-0.67%"
"11/18/2021","10.500","10.770","10.840","10.340","2.52M","-2.51%"
"11/17/2021","10.770","11.000","11.050","10.680","2.74M","-3.41%"
"11/16/2021","11.150","11.150","11.270","10.770","2.49M","-0.27%"
"11/15/2021","11.180","11.460","11.485","11.155","2.27M","-2.10%"
"11/12/2021","11.420","11.410","11.450","11.060","1.80M","-0.35%"
"11/11/2021","11.460","11.965","12.100","11.250","1.99M","-4.82%"
"11/10/2021","12.040","12.280","12.390","11.940","2.15M","-4.06%"
"11/09/2021","12.550","12.500","12.650","12.150","1.95M","0.97%"
"11/08/2021","12.430","12.390","12.850","12.340","2.60M","0.32%"
"11/05/2021","12.390","12.800","12.990","12.325","1.32M","-3.65%"
"11/04/2021","12.860","12.780","13.000","12.650","1.32M","-0.39%"
"11/03/2021","12.910","13.120","13.490","12.650","2.40M","-2.05%"
"11/02/2021","13.180","13.460","13.500","13.060","2.55M","-2.51%"
"11/01/2021","13.520","13.200","13.540","13.050","1.50M","3.21%"
"10/29/2021","13.100","12.830","13.130","12.700","1.12M","1.63%"
"10/28/2021","12.890","13.000","13.040","12.730","1.09M","-0.54%"
"10/27/2021","12.960","13.100","13.249","12.730","1.63M","-0.54%"
"10/26/2021","13.030","13.240","13.390","12.930","2.88M","-2.18%"
"10/25/2021","13.320","12.730","13.320","12.630","1.35M","3.34%"
"10/22/2021","12.890","12.600","12.970","12.550","1.63M","2.87%"
"10/21/2021","12.530","12.280","12.890","12.210","2.31M","1.87%"
"10/20/2021","12.300","12.450","12.790","12.100","3.21M","-0.65%"
"10/19/2021","12.380","11.720","12.635","11.665","2.21M","5.81%"
"10/18/2021","11.700","11.590","11.730","10.940","1.23M","0.17%"
"10/15/2021","11.680","11.480","11.815","11.300","1.03M","1.74%"
"10/14/2021","11.480","11.590","11.780","11.300","1.05M","-0.61%"
"10/13/2021","11.550","11.250","11.740","11.116","1.12M","2.67%"
"10/12/2021","11.250","10.800","11.290","10.520","1.48M","4.75%"
"10/11/2021","10.740","11.270","11.340","10.720","2.18M","-5.37%"
"10/08/2021","11.350","10.990","11.540","10.750","2.84M","4.42%"
"10/07/2021","10.870","11.210","11.210","10.770","2.09M","-2.16%"
"10/06/2021","11.110","11.450","11.450","10.950","3.73M","-4.31%"
"10/05/2021","11.610","11.690","11.715","11.205","1.81M","-0.26%"
"10/04/2021","11.640","13.040","13.060","11.500","5.79M","-8.99%"
"10/01/2021","12.790","13.190","13.290","12.591","1.50M","-3.54%"
"09/30/2021","13.260","13.080","13.480","12.750","2.30M","1.84%"
"09/29/2021","13.020","13.280","13.960","12.820","1.89M","-3.56%"
"09/28/2021","13.500","13.260","14.040","12.380","5.30M","-0.22%"
"09/27/2021","13.530","13.500","13.940","13.170","1.11M","0.22%"
"09/24/2021","13.500","14.400","14.610","13.420","1.45M","-7.98%"
"09/23/2021","14.670","14.140","15.150","13.610","2.74M","4.49%"
"09/22/2021","14.040","13.940","14.510","13.000","1.42M","3.08%"
"09/21/2021","13.620","13.710","13.929","12.960","954.22K","0.29%"
"09/20/2021","13.580","13.000","13.860","12.863","973.19K","-2.16%"
"09/17/2021","13.880","13.640","13.970","13.220","1.08M","1.39%"
"09/16/2021","13.690","13.900","14.030","13.610","339.89K","-1.16%"
"09/15/2021","13.850","13.630","13.940","13.425","711.45K","1.91%"
"09/14/2021","13.590","14.460","14.700","13.390","1.08M","-5.16%"
"09/13/2021","14.330","14.370","14.590","13.970","743.74K","0.14%"
"09/10/2021","14.310","15.000","15.150","14.100","982.88K","-4.41%"
"09/09/2021","14.970","14.880","15.530","14.580","913.46K","0.07%"
"09/08/2021","14.960","15.820","15.820","14.500","1.14M","-5.67%"
"09/07/2021","15.860","16.160","16.310","15.280","940.00K","-1.86%"
"09/03/2021","16.160","16.620","16.820","16.010","648.03K","-3.00%"
"09/02/2021","16.660","16.590","17.210","16.570","1.03M","1.03%"
"09/01/2021","16.490","15.970","16.490","15.600","794.74K","3.65%"
"08/31/2021","15.910","16.630","16.788","15.800","556.66K","-4.79%"
"08/30/2021","16.710","15.870","17.010","15.730","1.07M","4.90%"
"08/27/2021","15.930","15.420","16.050","15.390","501.19K","1.85%"
"08/26/2021","15.640","15.580","15.779","15.310","345.32K","-0.64%"
"08/25/2021","15.740","15.660","16.330","15.550","390.75K","-0.06%"
"08/24/2021","15.750","15.540","15.760","15.220","571.34K","0.45%"
"08/23/2021","15.680","15.840","16.149","15.390","449.68K","-0.51%"
"08/20/2021","15.760","15.620","15.880","15.440","230.54K","0.90%"
"08/19/2021","15.620","15.750","16.040","15.300","518.31K","-2.25%"
"08/18/2021","15.980","16.520","16.620","15.830","947.02K","-0.68%"
"08/17/2021","16.090","16.830","16.979","15.710","830.76K","-5.41%"
"08/16/2021","17.010","17.360","17.360","16.550","512.76K","-1.16%"
"08/13/2021","17.210","16.880","17.700","16.710","905.84K","1.24%"
"08/12/2021","17.000","16.840","17.240","16.230","1.45M","3.85%"
"08/11/2021","16.370","16.000","16.950","15.900","979.95K","2.83%"
"08/10/2021","15.920","16.630","16.630","15.500","2.86M","4.19%"
"08/09/2021","15.280","14.610","16.360","14.570","2.51M","5.38%"
"08/06/2021","14.500","13.880","14.540","13.750","819.42K","4.17%"
"08/05/2021","13.920","13.610","13.930","13.610","638.69K","3.49%"
"08/04/2021","13.450","12.810","13.740","12.680","961.37K","5.49%"
"08/03/2021","12.750","13.090","13.130","12.610","654.95K","-3.77%"
"08/02/2021","13.250","13.640","13.730","13.200","523.29K","-3.00%"
"07/30/2021","13.660","13.110","13.750","13.040","492.35K","3.17%"
"07/29/2021","13.240","12.970","13.490","12.630","522.85K","2.16%"
"07/28/2021","12.960","13.020","13.060","12.870","433.96K","0.00%"
"07/27/2021","12.960","13.200","13.230","12.860","439.36K","-3.07%"
"07/26/2021","13.370","13.850","13.930","13.270","537.74K","-3.81%"
"07/23/2021","13.900","13.900","14.090","13.460","520.66K","-0.64%"
"07/22/2021","13.990","13.880","14.060","13.540","513.91K","1.01%"
"07/21/2021","13.850","13.360","13.880","13.170","546.20K","4.92%"
"07/20/2021","13.200","12.800","13.250","12.770","455.58K","3.61%"
"07/19/2021","12.740","12.500","12.980","12.265","567.71K","0.08%"
"07/16/2021","12.730","13.030","13.157","12.700","401.61K","-1.24%"
"07/15/2021","12.890","12.970","13.070","12.850","581.39K","-1.07%"
"07/14/2021","13.030","13.470","13.490","12.850","375.79K","-2.54%"
"07/13/2021","13.370","13.580","13.900","13.100","527.75K","-2.05%"
"07/12/2021","13.650","13.500","13.790","13.060","611.28K","1.11%"
"07/09/2021","13.500","12.850","13.550","12.805","773.00K","4.98%"
"07/08/2021","12.860","12.000","12.950","11.760","1.28M","4.98%"
"07/07/2021","12.250","12.440","12.550","12.120","727.14K","-1.53%"
"07/06/2021","12.440","12.980","13.000","12.210","1.19M","-3.57%"
"07/02/2021","12.900","13.270","13.270","12.740","747.50K","-1.15%"
"07/01/2021","13.050","13.250","13.390","13.010","296.03K","-0.68%"
"06/30/2021","13.140","13.510","13.560","13.030","488.24K","-2.67%"
"06/29/2021","13.500","13.750","13.912","13.455","450.91K","-1.03%"
"06/28/2021","13.640","14.040","14.100","13.580","452.47K","-3.06%"
"06/25/2021","14.070","14.440","14.500","13.970","310.99K","-1.95%"
"06/24/2021","14.350","14.100","14.570","14.070","441.68K","2.72%"
"06/23/2021","13.970","13.580","14.030","13.580","324.47K","3.79%"
"06/22/2021","13.460","13.530","13.580","13.320","215.96K","-0.96%"
"06/21/2021","13.590","14.000","14.050","13.580","349.11K","-2.86%"
"06/18/2021","13.990","13.790","14.060","13.790","338.84K","0.29%"
"06/17/2021","13.950","13.700","14.160","13.540","503.49K","1.82%"
"06/16/2021","13.700","13.650","13.940","13.550","533.30K","1.48%"
"06/15/2021","13.500","13.730","13.780","13.350","433.08K","-2.39%"
"06/14/2021","13.830","14.340","14.400","13.710","575.54K","-4.88%"
"06/11/2021","14.540","14.760","14.920","14.520","268.68K","-1.42%"
"06/10/2021","14.750","14.920","15.110","14.650","479.82K","-1.14%"
"06/09/2021","14.920","14.800","15.040","14.650","579.71K","1.91%"
"06/08/2021","14.640","13.980","14.700","13.980","892.85K","5.63%"
"06/07/2021","13.860","13.930","13.930","13.510","613.06K","-0.65%"
"06/04/2021","13.950","13.890","13.960","13.650","441.71K","0.94%"
"06/03/2021","13.820","13.550","13.940","13.340","1.29M","2.52%"
"06/02/2021","13.480","13.000","13.510","12.950","2.23M","4.25%"
"06/01/2021","12.930","13.540","13.585","12.790","1.11M","-3.79%"
"05/28/2021","13.440","13.220","13.947","13.110","1.46M","2.28%"
"05/27/2021","13.140","13.350","13.400","13.140","493.30K","-1.57%"
"05/26/2021","13.350","13.530","13.645","13.020","1.08M","-0.96%"
"05/25/2021","13.480","13.990","14.100","13.375","636.23K","-3.51%"
"05/24/2021","13.970","14.030","14.080","13.610","444.64K","0.72%"
"05/21/2021","13.870","14.230","14.230","13.810","313.73K","-2.87%"
"05/20/2021","14.280","14.320","14.480","14.010","729.37K","-0.97%"
"05/19/2021","14.420","14.050","14.420","13.690","599.54K","1.48%"
"05/18/2021","14.210","14.130","14.630","14.130","383.51K","1.00%"
"05/17/2021","14.070","14.470","14.620","13.850","818.56K","-0.57%"
"05/14/2021","14.150","13.920","14.750","13.857","940.75K","3.59%"
"05/13/2021","13.660","16.130","16.200","13.510","3.04M","-5.47%"
"05/12/2021","14.450","15.250","15.270","14.210","1.13M","-6.35%"
"05/11/2021","15.430","16.000","16.030","15.150","1.06M","-5.57%"
"05/10/2021","16.340","16.870","17.015","16.200","341.66K","-3.37%"
"05/07/2021","16.910","16.580","17.040","16.570","439.80K","2.48%"
"05/06/2021","16.500","17.040","17.070","16.150","1.03M","-3.45%"
"05/05/2021","17.090","17.720","17.360","17.040","425.60K","-2.95%"
"05/04/2021","17.610","18.260","18.400","17.250","721.56K","-3.67%"
"05/03/2021","18.280","19.300","19.300","18.250","308.86K","-3.89%"
"04/30/2021","19.020","18.700","19.240","18.700","537.92K","1.01%"
"04/29/2021","18.830","19.140","19.400","18.730","998.55K","0.53%"
"04/28/2021","18.730","18.140","18.730","18.060","802.09K","4.06%"
"04/27/2021","18.000","17.850","18.100","17.670","572.00K","0.00%"
"04/26/2021","18.000","18.250","18.470","17.930","963.12K","2.16%"
"04/23/2021","17.620","17.660","17.950","17.500","420.84K","0.69%"
"04/22/2021","17.500","17.870","17.910","17.330","767.66K","-1.13%"
"04/21/2021","17.700","17.150","17.720","17.104","872.79K","2.79%"
"04/20/2021","17.220","17.750","17.750","17.000","1.30M","-3.15%"
"04/19/2021","17.780","18.100","18.580","17.080","1.01M","-1.39%"
"04/16/2021","18.030","18.250","18.350","17.900","808.00K","-1.31%"
"04/15/2021","18.270","18.180","18.380","17.830","724.92K","1.56%"
"04/14/2021","17.990","17.460","18.245","17.360","951.80K","2.68%"
"04/13/2021","17.520","17.400","17.820","17.130","711.67K","2.40%"
"04/12/2021","17.110","17.450","17.490","16.950","983.88K","-1.16%"
"04/09/2021","17.310","16.750","17.560","16.500","999.48K","2.97%"
"04/08/2021","16.810","17.350","17.850","16.750","1.53M","-2.27%"
"04/07/2021","17.200","18.570","18.970","17.000","2.59M","-8.02%"
"04/06/2021","18.700","18.780","19.550","18.160","2.27M","0.59%"
"04/05/2021","18.590","21.100","21.100","17.500","7.17M","-7.74%"